Unnamed: 0,EXT_SOURCE_2,EXT_SOURCE_3,EXT_SOURCE_1,BURO_DAYS_CREDIT_MEAN,DAYS_BIRTH,PREV_NAME_CONTRACT_STATUS_Refused_MEAN,BURO_CREDIT_ACTIVE_Active_MEAN,BURO_DAYS_CREDIT_MIN,PREV_NAME_CONTRACT_STATUS_Approved_MEAN,REGION_RATING_CLIENT,PREV_NAME_PRODUCT_TYPE_walkin_MEAN,NAME_INCOME_TYPE_Working,NAME_EDUCATION_TYPE_Highereducation,DAYS_LAST_PHONE_CHANGE,CODE_GENDER,ACTIVE_DAYS_CREDIT_MEAN,PREV_DAYS_DECISION_MIN,DAYS_ID_PUBLISH,NAME_EDUCATION_TYPE_Secondarysecondaryspecial,ACTIVE_DAYS_CREDIT_MAX,CLOSED_DAYS_CREDIT_MEAN,BURO_DAYS_CREDIT_MAX,PREV_DAYS_DECISION_MEAN,REG_CITY_NOT_LIVE_CITY,FLAG_DOCUMENT_3,BURO_MONTHS_BALANCE_SIZE_MEAN,PREV_NAME_YIELD_GROUP_XNA_MEAN,DAYS_REGISTRATION,PREV_NAME_CONTRACT_TYPE_Revolvingloans_MEAN,FLOORSMAX_AVG,PREV_NAME_YIELD_GROUP_low_normal_MEAN,PREV_NAME_YIELD_GROUP_high_MEAN,REGION_POPULATION_RELATIVE,ACTIVE_DAYS_CREDIT_MIN,PREV_NAME_PAYMENT_TYPE_Cashthroughthebank_MEAN,POS_MONTHS_BALANCE_MEAN,REFUSED_CNT_PAYMENT_MEAN,PREV_NAME_TYPE_SUITE_nan_MEAN,PREV_PRODUCT_COMBINATION_POSindustrywithinterest_MEAN,NAME_CONTRACT_TYPE_Cashloans,PREV_NAME_CONTRACT_TYPE_Consumerloans_MEAN,BURO_STATUS_C_MEAN_MEAN,PREV_NAME_SELLER_INDUSTRY_Connectivity_MEAN,BURO_CREDIT_TYPE_Creditcard_MEAN,CLOSED_DAYS_CREDIT_MAX,ORGANIZATION_TYPE_Selfemployed,PREV_NAME_GOODS_CATEGORY_Furniture_MEAN,PREV_NAME_YIELD_GROUP_low_action_MEAN,PREV_NAME_SELLER_INDUSTRY_Furniture_MEAN,CC_MONTHS_BALANCE_MIN,NAME_FAMILY_STATUS_Married,BURO_STATUS_0_MEAN_MEAN,HOUR_APPR_PROCESS_START,REFUSED_HOUR_APPR_PROCESS_START_MIN,PREV_NAME_CLIENT_TYPE_Refreshed_MEAN,PREV_PRODUCT_COMBINATION_POSmobilewithinterest_MEAN,NAME_INCOME_TYPE_Stateservant,BURO_CREDIT_TYPE_Consumercredit_MEAN,PREV_NAME_CLIENT_TYPE_New_MEAN,PREV_NAME_PRODUCT_TYPE_XNA_MEAN,FLOORSMIN_AVG,PREV_PRODUCT_COMBINATION_Cash_MEAN,PREV_PRODUCT_COMBINATION_POShouseholdwithoutinterest_MEAN,PREV_NAME_GOODS_CATEGORY_Mobile_MEAN,OCCUPATION_TYPE_Corestaff,CC_AMT_CREDIT_LIMIT_ACTUAL_SUM,SK_ID_CURR
3889,0.3025829839057255,0.7252764347002191,0.5059979305057544,-820.5,-16955,0.0,0.5,-1475.0,1.0,3,1.0,1,1,-603.0,1,-166.0,-602.0,-484,0,-166.0,-1475.0,-166.0,-602.0,0,0,24.75,0.0,-587.0,0.0,0.1667,1.0,0.0,0.002042,-166.0,1.0,-11.0,13.5,0.0,0.0,0,0.0,0.3085143943684441,0.0,0.0,-1475.0,1,0.0,0.0,0.0,-22.0,0,0.4364227328722613,19,11.0,0.0,0.0,0,1.0,1.0,0.0,0.2083,0.0,0.0,0.0,0,3960000.0,104549
4184,0.7325802167872072,0.6296742509538716,0.7622731554062616,-1053.3333333333333,-12884,0.0,0.3333333333333333,-2284.0,1.0,2,0.0,1,1,-2458.0,0,-511.5,-2881.0,-4937,0,-296.0,-1324.25,-296.0,-1929.0,0,0,24.75,0.0,-4463.0,0.0,0.1667,0.6666666666666666,0.0,0.035792,-727.0,1.0,-54.629629629629626,13.5,0.3333333333333333,0.0,0,1.0,0.3085143943684441,0.3333333333333333,0.1666666666666666,-869.0,0,0.0,0.0,0.0,-22.0,1,0.4364227328722613,12,11.0,0.3333333333333333,0.0,0,0.6666666666666666,0.3333333333333333,1.0,0.2083,0.0,0.6666666666666666,0.3333333333333333,1,3960000.0,104894
7714,0.6208981273528499,0.1547436312725944,0.3478938283645943,-823.9,-13542,0.2857142857142857,0.5,-2383.0,0.4285714285714285,2,0.0,1,0,-686.0,1,-379.2,-686.0,-5017,1,-76.0,-1268.6,-76.0,-245.7142857142857,0,1,24.75,0.2857142857142857,-2588.0,0.0,0.1667,0.1428571428571428,0.1428571428571428,0.005144,-835.0,0.4285714285714285,-10.482758620689657,48.0,0.7142857142857143,0.1428571428571428,1,0.4285714285714285,0.3085143943684441,0.2857142857142857,0.2,-731.0,0,0.0,0.0,0.0,-22.0,1,0.4364227328722613,12,11.0,0.0,0.1428571428571428,0,0.8,0.1428571428571428,0.7142857142857143,0.2083,0.2857142857142857,0.0,0.2857142857142857,0,3960000.0,108997
12112,0.6582510934387259,0.6940926425266661,0.9054112945548194,-2019.3333333333333,-23694,0.0,0.0,-2825.0,0.6,2,0.0,0,0,-475.0,1,-537.3095238095239,-475.0,-4385,1,-258.0,-2019.3333333333333,-798.0,-238.2,0,0,24.75,0.6,-6839.0,0.4,0.0417,0.2,0.0,0.011703,-764.0,0.2,-8.666666666666666,13.5,0.6,0.2,1,0.2,0.3085143943684441,0.0,0.0,-798.0,0,0.2,0.0,0.2,-6.0,0,0.4364227328722613,11,11.0,0.0,0.0,0,1.0,0.2,0.6,0.0417,0.2,0.0,0.0,0,2250000.0,114126
14452,0.6342419176819181,0.5814837058057234,0.5059979305057544,-151.0,-23559,0.0,0.0,-151.0,0.75,2,0.0,0,1,0.0,1,-537.3095238095239,-987.0,-3465,0,-258.0,-151.0,-151.0,-570.75,0,1,24.75,0.25,-11655.0,0.0,0.4583,0.75,0.0,0.018634,-764.0,0.5,-15.784313725490197,13.5,0.75,0.0,1,0.75,0.3085143943684441,0.0,0.0,-151.0,0,0.0,0.0,0.0,-22.0,1,0.4364227328722613,10,11.0,0.0,0.0,0,1.0,0.25,1.0,0.2083,0.25,0.0,0.0,0,3960000.0,116862
19893,0.5052280451825317,0.4507472818545589,0.5059979305057544,-1165.3333333333333,-11598,0.0,0.0,-1337.0,1.0,2,0.0,1,0,-3.0,0,-537.3095238095239,-1106.0,-4191,1,-258.0,-1165.3333333333333,-928.0,-791.6666666666666,1,1,35.333333333333336,0.0,-389.0,0.0,0.1667,0.0,0.0,0.01885,-764.0,1.0,-18.2,13.5,0.3333333333333333,0.3333333333333333,1,1.0,0.7148093841642229,0.0,0.0,-928.0,0,0.3333333333333333,0.0,0.3333333333333333,-22.0,1,0.2592864125122189,11,11.0,0.0,0.0,0,1.0,0.3333333333333333,1.0,0.2083,0.0,0.0,0.0,0,3960000.0,123199
20182,0.6729675593409539,0.5352762504724826,0.5059979305057544,-1050.571428571429,-18081,0.5,0.375,-1827.0,0.5,2,0.0,1,0,-271.0,1,-537.3095238095239,-271.0,-1633,1,-258.0,-1366.5555555555557,-300.0,-271.0,0,1,24.75,0.0,-8712.0,0.0,0.1667,0.5,0.0,0.00702,-764.0,1.0,-5.5,12.0,0.0,0.0,1,1.0,0.3085143943684441,0.0,0.2,-729.0,0,0.0,0.0,0.0,-22.0,0,0.4364227328722613,17,11.0,0.0,0.0,0,0.75,1.0,1.0,0.2083,0.0,0.0,0.0,0,3960000.0,123544
24131,0.6958905801052553,0.6263042766749393,0.3167701346241811,-1553.7142857142858,-20721,0.2,0.0,-2744.0,0.6,3,0.0,1,0,-2247.0,1,-537.3095238095239,-2553.0,-3457,1,-258.0,-1553.7142857142858,-377.0,-1710.0,0,1,34.57142857142857,0.2,-5658.0,0.0,0.1667,0.2,0.4,0.0031219999999999,-764.0,1.0,-64.18604651162791,10.0,0.0,0.2,1,1.0,0.5433302425783629,0.0,0.0,-377.0,0,0.0,0.0,0.0,-22.0,1,0.4513787521306318,15,14.0,0.2,0.0,0,1.0,0.0,1.0,0.2083,0.0,0.2,0.0,0,3960000.0,128065
24139,0.3909151546579497,0.5352762504724826,0.5059979305057544,-1050.571428571429,-21516,0.3333333333333333,0.375,-1827.0,0.6666666666666666,2,0.1666666666666666,0,0,-208.0,1,-537.3095238095239,-2825.0,-4107,1,-258.0,-1366.5555555555557,-300.0,-1566.5,0,0,24.75,0.5,-13650.0,0.5,0.1667,0.1666666666666666,0.0,0.025164,-764.0,0.5,-58.41379310344828,0.0,0.5,0.1666666666666666,1,0.5,0.3085143943684441,0.0,0.2,-729.0,0,0.1666666666666666,0.0,0.1666666666666666,-89.0,0,0.4364227328722613,12,7.0,0.0,0.0,0,0.75,0.0,0.5,0.2083,0.0,0.0,0.0,0,6840000.0,128076
24208,0.1295130428238426,0.4578995512067301,0.5059979305057544,-1306.4166666666667,-16289,0.1875,0.25,-2437.0,0.6875,3,0.4375,0,1,-404.0,1,-656.3333333333334,-1518.0,-4056,0,-87.0,-1523.111111111111,-87.0,-827.6875,0,1,24.75,0.125,-2635.0,0.0,0.1667,0.5,0.0,0.002042,-1698.0,1.0,-23.76991150442478,48.0,0.25,0.4375,1,0.5625,0.3085143943684441,0.0,0.1666666666666666,-249.0,0,0.4375,0.0,0.4375,-22.0,0,0.4364227328722613,10,16.0,0.0,0.0,1,0.8333333333333334,0.0625,0.5625,0.2083,0.0,0.0,0.0,1,3960000.0,128153
24852,0.6983515339017463,0.4382813743111921,0.5059979305057544,-1552.0,-23508,0.1176470588235294,0.2,-2650.0,0.5882352941176471,2,0.0,0,1,-1596.0,1,-757.5,-2650.0,-4359,0,-338.0,-1750.625,-338.0,-745.6470588235294,0,1,23.9,0.3529411764705882,-7322.0,0.0588235294117647,0.0417,0.1764705882352941,0.0588235294117647,0.006629,-1177.0,0.4705882352941176,-27.38888888888889,54.0,0.5294117647058824,0.0,1,0.1764705882352941,0.2876544799912993,0.0588235294117647,0.2,-476.0,0,0.0588235294117647,0.0588235294117647,0.0588235294117647,-22.0,0,0.6574063102822569,9,9.0,0.1176470588235294,0.0588235294117647,0,0.8,0.0588235294117647,0.4117647058823529,0.2083,0.2352941176470588,0.0,0.0588235294117647,0,3960000.0,128902
28113,0.0480558704096924,0.5352762504724826,0.5059979305057544,-1050.571428571429,-22536,0.5,0.375,-1827.0,0.5,2,0.0,0,0,0.0,1,-537.3095238095239,-531.0,-1040,1,-258.0,-1366.5555555555557,-300.0,-271.0,0,0,24.75,0.5,-1032.0,0.0,0.1667,0.0,0.0,0.018634,-764.0,0.5,-9.0,13.5,1.0,0.0,1,0.5,0.3085143943684441,0.0,0.2,-729.0,0,0.0,0.5,0.0,-22.0,0,0.4364227328722613,15,14.0,0.0,0.0,0,0.75,0.5,1.0,0.2083,0.5,0.5,0.0,0,3960000.0,132678
30675,0.6125660800553543,0.1519345490496476,0.1264486900380636,-399.875,-13984,0.8,0.5,-858.0,0.2,2,0.0,1,0,-678.0,0,-336.25,-678.0,-1813,1,-74.0,-463.5,-74.0,-386.6,0,1,8.875,0.6,-1029.0,0.0,0.0833,0.0,0.0,0.009549,-695.0,0.4,-17.0,12.0,1.0,0.0,1,0.4,0.1964285714285714,0.0,0.25,-207.0,0,0.0,0.0,0.0,-22.0,0,0.5022321428571429,13,13.0,0.0,0.0,0,0.75,0.2,1.0,0.2083,0.6,0.0,0.0,0,3960000.0,135603
32438,0.7309319512856032,0.1168672659157136,0.5059979305057544,-390.6,-21039,0.5,0.4,-1168.0,0.5,1,0.0,0,0,-576.0,1,-85.5,-576.0,-2741,1,-68.0,-594.0,-68.0,-410.0,0,0,24.75,0.5,-5640.0,0.0,0.1667,0.0,0.0,0.0116569999999999,-103.0,0.5,-13.0,13.5,1.0,0.0,1,0.5,0.3085143943684441,0.0,0.2,-215.0,0,0.0,0.0,0.0,-22.0,0,0.4364227328722613,17,10.0,0.0,0.0,0,0.8,0.5,1.0,0.2083,0.5,0.0,0.0,0,3960000.0,137601
35936,0.7017036318015829,0.5352762504724826,0.5059979305057544,-1050.571428571429,-20812,0.0,0.375,-1827.0,0.5,2,0.0,0,0,-2127.0,1,-537.3095238095239,-2127.0,-4201,1,-258.0,-1366.5555555555557,-300.0,-1148.5,0,0,24.75,0.5,-8946.0,0.0,0.1667,0.0,0.5,0.035792,-764.0,0.5,-64.5,13.5,1.0,0.0,1,0.5,0.3085143943684441,0.5,0.2,-729.0,0,0.0,0.0,0.0,-22.0,1,0.4364227328722613,10,11.0,0.5,0.5,0,0.75,0.5,1.0,0.2083,0.5,0.0,0.5,0,3960000.0,141627
42260,0.6521798711153507,0.0890438827498688,0.5059979305057544,-1523.9166666666667,-14572,0.0,0.5,-2781.0,1.0,2,0.0,0,1,-2758.0,1,-1301.3333333333333,-2758.0,-4921,0,-267.0,-1746.5,-267.0,-1183.4,0,1,37.333333333333336,0.0,-2380.0,0.0,0.1667,0.8,0.0,0.031329,-2655.0,0.8,-26.77777777777778,13.5,0.2,0.2,1,0.8,0.4666549030679465,0.2,0.1666666666666666,-979.0,0,0.0,0.0,0.0,-96.0,0,0.4289316963230007,14,11.0,0.0,0.2,0,0.8333333333333334,0.0,0.8,0.2083,0.0,0.0,0.2,0,7920000.0,148920
53095,0.2446780653133662,0.6785676886853644,0.6077276362881945,-588.5,-17216,0.0,0.5,-693.0,0.5,2,0.0,1,0,-541.0,1,-693.0,-541.0,-730,1,-693.0,-484.0,-484.0,-425.75,1,1,19.5,0.75,-2516.0,0.5,0.1667,0.0,0.25,0.018634,-693.0,0.25,-14.5,13.5,0.75,0.0,1,0.25,0.0,0.25,0.5,-484.0,0,0.0,0.0,0.0,-13.0,0,0.4551630434782608,15,11.0,0.0,0.25,0,0.5,0.25,0.75,0.2083,0.25,0.0,0.0,1,2925000.0,161493
55316,0.6174433980440678,0.6347055309763198,0.5059979305057544,-933.5,-11598,0.0,0.5,-1534.0,1.0,2,0.0,1,0,0.0,0,-333.0,-1343.0,-4077,1,-333.0,-1534.0,-333.0,-1343.0,0,0,31.0,0.0,-4462.0,0.0,0.1667,1.0,0.0,0.025164,-333.0,1.0,-27.0,13.5,0.0,0.0,1,1.0,0.2941176470588235,0.0,0.0,-1534.0,0,0.0,0.0,0.0,-22.0,0,0.6470588235294118,8,11.0,0.0,0.0,0,1.0,1.0,1.0,0.2083,0.0,0.0,0.0,0,3960000.0,164091
56158,0.5491215235333278,0.5549467685334323,0.4067732125808631,-499.0,-9417,0.0,0.5,-643.0,1.0,2,0.0,0,0,-356.0,1,-355.0,-356.0,-725,1,-355.0,-643.0,-355.0,-356.0,0,1,24.75,0.0,-8401.0,0.0,0.1667,0.0,0.0,0.005144,-355.0,1.0,-7.0,13.5,1.0,0.0,1,1.0,0.3085143943684441,0.0,0.0,-643.0,0,0.0,1.0,0.0,-22.0,1,0.4364227328722613,12,11.0,0.0,0.0,0,1.0,1.0,1.0,0.2083,0.0,1.0,0.0,0,3960000.0,165073
65655,0.5536759737045227,0.4561097392782771,0.8016959776137818,-1787.5,-20857,0.5,0.0,-2909.0,0.3571428571428571,1,0.0,1,0,-1501.0,1,-537.3095238095239,-1501.0,-4137,0,-258.0,-1787.5,-1062.0,-644.2142857142857,0,1,24.75,0.1428571428571428,-5684.0,0.0,0.1667,0.2142857142857142,0.0714285714285714,0.0116569999999999,-764.0,0.7857142857142857,-21.732394366197184,37.0,0.4285714285714285,0.0714285714285714,1,0.2857142857142857,0.3085143943684441,0.0,0.0,-1062.0,0,0.0,0.0714285714285714,0.0,-22.0,1,0.4364227328722613,11,10.0,0.0714285714285714,0.0,0,1.0,0.0,0.4285714285714285,0.2083,0.1428571428571428,0.0,0.0,0,3960000.0,176142
66896,0.4065893456436263,0.6658549219640212,0.5059979305057544,-809.0,-18647,0.0,0.0,-968.0,1.0,2,1.0,1,0,-262.0,1,-537.3095238095239,-262.0,-1402,1,-258.0,-809.0,-567.0,-262.0,0,0,24.75,0.0,-1402.0,0.0,0.1667,0.0,1.0,0.010147,-764.0,1.0,-5.5,13.5,1.0,0.0,0,0.0,0.3085143943684441,1.0,0.0,-567.0,0,0.0,0.0,0.0,-22.0,0,0.4364227328722613,9,11.0,0.0,0.0,0,1.0,1.0,0.0,0.2083,0.0,0.0,0.0,0,3960000.0,177568
71227,0.5000182842210787,0.5352762504724826,0.5059979305057544,-1340.5,-21766,0.5,0.25,-2252.0,0.5,2,0.0,0,0,-331.0,1,-240.0,-2895.0,-5082,1,-240.0,-1707.3333333333333,-240.0,-1613.0,0,0,33.0,0.5,-7706.0,0.5,0.1667,0.0,0.0,0.019101,-240.0,0.5,-42.9,0.0,0.5,0.0,1,0.0,0.4007314524555904,0.0,0.25,-881.0,0,0.0,0.0,0.0,-22.0,1,0.0868599791013584,13,12.0,0.5,0.0,0,0.75,0.0,0.0,0.2083,0.0,0.0,0.0,0,3960000.0,182611
75133,0.1272739314213638,0.5352762504724826,0.5059979305057544,-1050.571428571429,-8306,0.0,0.375,-1827.0,1.0,3,0.0,1,0,-580.0,0,-537.3095238095239,-580.0,-967,1,-258.0,-1366.5555555555557,-300.0,-580.0,0,1,24.75,0.0,-154.0,0.0,0.1667,0.0,1.0,0.020246,-764.0,1.0,-14.5,13.5,1.0,0.0,1,1.0,0.3085143943684441,1.0,0.2,-729.0,0,0.0,0.0,0.0,-22.0,1,0.4364227328722613,10,11.0,0.0,1.0,0,0.75,1.0,1.0,0.2083,0.0,0.0,0.0,0,3960000.0,187135
77750,0.4883594996731438,0.7726311345553628,0.5059979305057544,-1292.6666666666667,-18699,0.0,0.1666666666666666,-2738.0,1.0,2,0.0,0,0,-1184.0,1,-623.0,-1184.0,-2198,1,-623.0,-1426.6,-299.0,-1055.0,0,0,24.75,0.0,-2325.0,0.0,0.1667,0.3333333333333333,0.0,0.026392,-623.0,1.0,-44.02941176470589,13.5,0.0,0.3333333333333333,1,0.6666666666666666,0.3085143943684441,0.0,0.0,-299.0,0,0.0,0.0,0.0,-22.0,0,0.4364227328722613,7,11.0,0.3333333333333333,0.0,0,1.0,0.0,0.6666666666666666,0.2083,0.0,0.0,0.0,0,3960000.0,190141
78059,0.6843500418693,0.3185955240537633,0.5059979305057544,-1611.3333333333333,-20057,0.4285714285714285,0.3333333333333333,-2731.0,0.4285714285714285,2,0.2857142857142857,0,0,-1940.0,1,-328.5,-1940.0,-3532,1,-134.0,-2252.75,-134.0,-621.7142857142857,0,1,24.75,0.4285714285714285,-6144.0,0.2857142857142857,0.1667,0.1428571428571428,0.4285714285714285,0.016612,-523.0,0.5714285714285714,-30.16,22.0,0.8571428571428571,0.0,1,0.1428571428571428,0.3085143943684441,0.0,0.0,-1226.0,0,0.0,0.0,0.0,-15.0,0,0.4364227328722613,16,10.0,0.4285714285714285,0.0,0,1.0,0.0,0.2857142857142857,0.2083,0.1428571428571428,0.0,0.1428571428571428,0,3600000.0,190494
81954,0.5909374600013361,0.6058362647264226,0.5059979305057544,-1354.8666666666666,-12591,0.2307692307692307,0.3333333333333333,-2864.0,0.7692307692307693,2,0.0,1,0,-91.0,0,-753.4,-2520.0,-4266,0,-292.0,-1655.6,-292.0,-1138.3846153846157,0,0,24.75,0.1538461538461538,-6507.0,0.1538461538461538,0.1667,0.0,0.2307692307692307,0.025164,-1325.0,0.7692307692307693,-41.02127659574468,4.0,0.3076923076923077,0.0,1,0.7692307692307693,0.3085143943684441,0.1538461538461538,0.4,-550.0,1,0.0,0.3076923076923077,0.0,-22.0,1,0.4364227328722613,16,16.0,0.0,0.1538461538461538,0,0.6,0.0,0.7692307692307693,0.2083,0.0,0.3076923076923077,0.2307692307692307,0,3960000.0,195036
87908,0.3154548490700635,0.5424451438613613,0.5059979305057544,-1515.923076923077,-24811,0.2142857142857142,0.2307692307692307,-2665.0,0.6428571428571429,3,0.0,0,0,0.0,1,-2395.0,-2184.0,-4225,1,-2174.0,-1252.2,-522.0,-1027.642857142857,0,1,24.75,0.1428571428571428,-13290.0,0.0,0.125,0.3571428571428571,0.2142857142857142,0.018209,-2665.0,0.7142857142857143,-35.785714285714285,12.0,0.3571428571428571,0.1428571428571428,1,0.4285714285714285,0.3085143943684441,0.1428571428571428,0.0769230769230769,-522.0,0,0.0,0.0,0.0,-22.0,0,0.4364227328722613,12,8.0,0.0,0.1428571428571428,0,0.9230769230769232,0.0714285714285714,0.5714285714285714,0.2083,0.1428571428571428,0.0714285714285714,0.1428571428571428,0,3960000.0,202050
88088,0.6013402169515356,0.6785676886853644,0.5059979305057544,-1387.3333333333333,-15860,0.0,0.6666666666666666,-2066.0,1.0,3,0.0,1,0,-1981.0,0,-1048.0,-2335.0,-4735,1,-1048.0,-2066.0,-1048.0,-2158.0,0,1,46.0,0.0,-3303.0,0.0,0.1667,0.0,1.0,0.020713,-1048.0,1.0,-62.37037037037037,13.5,0.0,0.0,1,1.0,0.8084033613445379,0.0,0.0,-2066.0,0,0.0,0.0,0.0,-22.0,1,0.1915966386554621,7,11.0,0.0,0.0,0,1.0,0.5,1.0,0.0417,0.0,0.0,0.0,0,3960000.0,202263
88825,0.7414548477777139,0.5442347412142162,0.5059979305057544,-1929.25,-16764,0.0,0.25,-2804.0,0.0,1,0.0,1,0,-95.0,1,-1330.0,-94.0,-314,1,-1330.0,-2129.0,-956.0,-88.0,0,1,24.75,1.0,-1154.0,0.0,0.1667,0.0,0.0,0.04622,-1330.0,0.0,-44.5,13.5,1.0,0.0,1,0.0,0.3085143943684441,0.3333333333333333,0.0,-956.0,0,0.0,0.0,0.0,-76.0,1,0.4364227328722613,10,11.0,0.0,0.0,0,1.0,1.0,1.0,0.2083,1.0,0.0,0.0,0,10260000.0,203134
90332,0.5248012191286747,0.8193176922872417,0.5059979305057544,-1494.142857142857,-19078,0.1666666666666666,0.0,-1850.0,0.4166666666666667,2,0.0,1,0,-871.0,0,-537.3095238095239,-1716.0,-2633,1,-258.0,-1494.142857142857,-1244.0,-488.1666666666667,0,1,38.142857142857146,0.6666666666666666,-5461.0,0.5,0.1667,0.0833333333333333,0.0,0.035792,-764.0,0.3333333333333333,-19.448979591836736,0.0,0.5,0.0833333333333333,1,0.1666666666666666,0.1010452961672473,0.0,0.0,-1244.0,1,0.0,0.0833333333333333,0.0,-10.0,0,0.3035360018671956,12,9.0,0.0,0.0,0,0.8571428571428571,0.0833333333333333,0.5833333333333334,0.2083,0.1666666666666666,0.0833333333333333,0.0,0,738000.0,204876
93745,0.4061884252191917,0.4188542886233217,0.2159425058976876,-405.0,-9293,0.25,1.0,-405.0,0.5,3,0.25,1,0,-712.0,0,-405.0,-712.0,-1947,1,-405.0,-1366.5555555555557,-405.0,-493.0,0,1,24.75,0.5,-2621.0,0.25,0.1667,0.25,0.25,0.018209,-405.0,0.25,-17.0,12.0,0.75,0.0,1,0.5,0.3085143943684441,0.25,0.0,-729.0,0,0.0,0.0,0.0,-15.0,0,0.4364227328722613,10,5.0,0.0,0.25,0,1.0,0.25,0.5,0.2083,0.0,0.0,0.0,0,2700000.0,208856
102489,0.7118408446290049,0.7610263695502636,0.5059979305057544,-959.0,-19986,0.0,0.0,-1170.0,0.8,2,0.0,0,0,-333.0,1,-537.3095238095239,-1502.0,-3437,1,-258.0,-959.0,-748.0,-789.0,0,1,24.75,0.2,-4481.0,0.0,0.1667,0.1111111111111111,0.1428571428571428,0.035792,-764.0,0.7,-28.59375,13.5,0.5,0.0,1,0.5,0.3085143943684441,0.0,0.0,-748.0,0,0.0,0.0,0.0,-22.0,1,0.4364227328722613,12,11.0,0.0,0.0,0,1.0,0.25,0.75,0.2083,0.0,0.0,0.0,1,3960000.0,218978
107984,0.5042823580698761,0.5797274227921155,0.4450538073239709,-893.75,-12547,0.0,0.625,-1987.0,1.0,2,0.0,0,0,-1528.0,0,-565.2,-1528.0,-4443,1,-192.0,-1441.3333333333333,-192.0,-868.3333333333334,1,1,30.0,0.0,-4804.0,0.0,0.1667,0.0,0.6666666666666666,0.005313,-1530.0,0.6666666666666666,-31.56,13.5,0.6666666666666666,0.0,1,1.0,0.163644255050505,1.0,0.375,-969.0,0,0.0,0.0,0.0,-22.0,1,0.6050802139037433,12,11.0,0.0,1.0,1,0.625,0.3333333333333333,1.0,0.2083,0.0,0.0,0.6666666666666666,0,3960000.0,225273
121891,0.5028337051122856,0.633031641417419,0.5059979305057544,-870.0,-11018,0.25,0.0,-870.0,0.75,2,0.5,0,1,-668.0,0,-537.3095238095239,-791.0,-3243,0,-258.0,-870.0,-870.0,-511.25,0,0,24.75,0.5,-5079.0,0.5,0.1667,0.0,0.0,0.030755,-764.0,0.25,-13.058823529411764,0.0,0.25,0.0,1,0.25,0.3085143943684441,0.25,0.0,-870.0,0,0.0,0.25,0.0,-14.0,0,0.4364227328722613,12,13.0,0.0,0.25,0,1.0,0.25,0.25,0.2083,0.0,0.0,0.25,0,1620000.0,241317
122041,0.6745777550244052,0.746300213050371,0.5059979305057544,-946.0,-16691,0.1,0.5,-1706.0,0.5,2,0.05,0,0,-975.0,1,-186.0,-1764.0,-233,0,-186.0,-1706.0,-186.0,-529.9,0,1,24.75,0.55,-7056.0,0.15,0.1667,0.1,0.1,0.0196889999999999,-186.0,0.45,-26.19298245614035,0.0,0.5,0.0,1,0.05,0.3085143943684441,0.05,0.0,-1706.0,0,0.0,0.0,0.0,-9.0,1,0.4364227328722613,10,7.0,0.0,0.05,0,1.0,0.05,0.5,0.2083,0.4,0.0,0.05,0,2137500.0,241497
123423,0.6656301560899095,0.6363761710860439,0.5059979305057544,-1378.0,-15821,0.0,0.4,-1804.0,0.6666666666666666,2,0.0,1,0,-480.0,0,-935.0,-480.0,-530,1,-201.0,-1673.3333333333333,-201.0,-294.0,0,1,24.75,0.6666666666666666,-1649.0,0.6666666666666666,0.1667,0.0,0.0,0.026392,-1669.0,0.3333333333333333,-10.0,13.5,0.6666666666666666,0.0,1,0.3333333333333333,0.3085143943684441,0.0,0.2,-1413.0,0,0.0,0.3333333333333333,0.0,-6.0,1,0.4364227328722613,17,11.0,0.0,0.0,0,0.8,0.3333333333333333,0.6666666666666666,0.2083,0.0,0.3333333333333333,0.3333333333333333,0,1080000.0,243131
124243,0.5975860869532151,0.5352762504724826,0.5059979305057544,-1050.571428571429,-23734,0.0,0.375,-1827.0,1.0,2,0.0,0,1,-553.0,0,-537.3095238095239,-553.0,-4317,0,-258.0,-1366.5555555555557,-300.0,-553.0,0,0,24.75,0.0,-8551.0,0.0,0.1667,0.0,0.0,0.030755,-764.0,1.0,-14.5,13.5,1.0,0.0,0,1.0,0.3085143943684441,0.0,0.2,-729.0,0,0.0,1.0,0.0,-22.0,1,0.4364227328722613,10,11.0,0.0,0.0,0,0.75,1.0,1.0,0.2083,0.0,0.0,0.0,0,3960000.0,244078
125197,0.6568920846765708,0.5937175866150576,0.6014939631111833,-860.0,-9525,0.0,0.0,-1262.0,1.0,2,0.0,1,0,-1556.0,1,-537.3095238095239,-1556.0,-2141,1,-258.0,-860.0,-458.0,-1332.0,0,1,24.75,0.0,-9484.0,0.0,0.1667,0.0,0.5,0.031329,-764.0,1.0,-37.44,13.5,0.5,0.0,1,1.0,0.3085143943684441,0.5,0.0,-458.0,0,0.0,0.5,0.0,-22.0,1,0.4364227328722613,10,11.0,0.0,0.5,0,1.0,0.5,1.0,0.2083,0.0,0.5,0.5,0,3960000.0,245190
127315,0.0485040051245152,0.2735646775174348,0.5059979305057544,-1091.0,-11942,0.2,1.0,-1208.0,0.8,2,0.2,0,0,-1368.0,1,-1091.0,-1368.0,-3521,1,-974.0,-1366.5555555555557,-974.0,-1091.2,1,1,24.75,0.2,-5605.0,0.2,0.1667,0.2,0.4,0.005144,-1208.0,0.8,-27.60975609756097,24.0,0.2,0.0,1,0.4,0.3085143943684441,0.2,0.5,-729.0,0,0.0,0.0,0.0,-33.0,1,0.4364227328722613,16,14.0,0.0,0.0,0,0.5,0.2,0.4,0.2083,0.0,0.0,0.0,0,14400000.0,247647
137033,0.6304035168860764,0.5352762504724826,0.5059979305057544,-714.75,-11940,0.0,1.0,-952.0,0.5,2,0.25,0,0,-378.0,0,-714.75,-875.0,-2347,0,-481.0,-1366.5555555555557,-481.0,-431.5,0,1,23.25,0.5,-6070.0,0.0,0.1667,0.25,0.25,0.031329,-952.0,0.5,-14.7,13.5,0.75,0.0,1,0.25,0.1120689655172413,0.0,1.0,-729.0,0,0.0,0.0,0.0,-22.0,0,0.5980603448275862,13,11.0,0.0,0.0,0,0.0,0.25,0.75,0.2083,0.5,0.0,0.0,0,3960000.0,258933
137330,0.5643384559589791,0.5316861425197883,0.5059979305057544,-1020.8461538461538,-21221,0.1428571428571428,0.3076923076923077,-2586.0,0.7142857142857143,3,0.1428571428571428,1,0,-1693.0,1,-117.5,-1693.0,-4770,1,-52.0,-1422.3333333333333,-52.0,-781.1428571428571,0,0,24.75,0.2857142857142857,-10536.0,0.1428571428571428,0.0417,0.1428571428571428,0.1428571428571428,0.020246,-161.0,0.7142857142857143,-29.5,24.0,0.4285714285714285,0.1428571428571428,0,0.1428571428571428,0.3085143943684441,0.0,0.1538461538461538,-322.0,0,0.0,0.0,0.0,-37.0,1,0.4364227328722613,13,12.0,0.0,0.0,0,0.8461538461538461,0.1428571428571428,0.2857142857142857,0.2083,0.1428571428571428,0.0,0.0,1,9000000.0,259270
140218,0.4121567964386458,0.5370699579791587,0.5059979305057544,-332.5,-18365,0.2,0.5,-369.0,0.4,2,0.0,0,1,-599.0,1,-369.0,-599.0,-1891,0,-369.0,-296.0,-296.0,-326.8,0,1,24.75,0.6,-637.0,0.4,0.3333,0.4,0.0,0.025164,-369.0,0.4,-13.5,24.0,0.8,0.0,1,0.4,0.3085143943684441,0.0,0.0,-296.0,0,0.0,0.0,0.0,-7.0,1,0.4364227328722613,15,13.0,0.0,0.0,0,1.0,0.4,0.8,0.375,0.2,0.0,0.0,0,1620000.0,262589
146280,0.5078735622852604,0.7713615919194317,0.5059979305057544,-1187.0,-15005,0.0,0.4285714285714285,-2067.0,1.0,2,0.0,0,1,-2095.0,0,-1073.0,-2095.0,-1186,0,-819.0,-1272.5,-606.0,-1745.5,0,1,24.75,0.0,-5068.0,0.0,0.125,0.5,0.0,0.010006,-1211.0,1.0,-58.8,13.5,0.0,0.0,1,1.0,0.3085143943684441,0.0,0.1428571428571428,-606.0,0,0.0,0.0,0.0,-96.0,1,0.4364227328722613,8,11.0,0.0,0.0,0,0.8571428571428571,0.0,1.0,0.2083,0.0,0.0,0.0,0,4455000.0,269604
146859,0.6377653351133437,0.5352762504724826,0.5059979305057544,-1326.5,-14626,0.0,0.125,-2894.0,1.0,2,0.0,0,0,-844.0,1,-164.0,-2513.0,-4859,1,-164.0,-1492.571428571429,-164.0,-1899.0,0,1,40.625,0.0,-8774.0,0.0,0.1667,0.3333333333333333,0.6666666666666666,0.02461,-164.0,1.0,-73.63333333333334,13.5,0.0,0.0,1,0.0,0.5926805367103875,0.0,0.125,-319.0,1,0.0,0.0,0.0,-22.0,1,0.2271643675561586,17,11.0,0.3333333333333333,0.0,0,0.875,0.0,0.0,0.2083,0.0,0.0,0.0,0,3960000.0,270266
148005,0.2746462552988685,0.5352762504724826,0.5059979305057544,-1050.571428571429,-10481,0.0,0.375,-1827.0,1.0,2,0.0,1,1,-735.0,1,-537.3095238095239,-2037.0,-278,0,-258.0,-1366.5555555555557,-300.0,-1386.0,0,1,24.75,0.0,-96.0,0.0,0.1667,0.0,0.5,0.0196889999999999,-764.0,1.0,-31.379310344827587,13.5,0.0,0.0,1,0.5,0.3085143943684441,0.5,0.2,-729.0,0,0.0,0.0,0.0,-22.0,1,0.4364227328722613,13,11.0,0.5,0.5,0,0.75,0.5,0.5,0.2083,0.0,0.0,0.5,1,3960000.0,271610
161162,0.5762024796704155,0.7352209993926424,0.5393674871649483,-1027.0,-15633,0.0,0.0,-1027.0,1.0,2,0.0,0,0,-1936.0,1,-537.3095238095239,-1936.0,-4443,1,-258.0,-1027.0,-1027.0,-1092.75,0,1,34.0,0.0,-9287.0,0.0,0.1667,0.0,0.25,0.031329,-764.0,0.75,-27.51515151515152,13.5,0.25,0.0,1,1.0,0.0,0.25,0.0,-1027.0,0,0.0,0.25,0.0,-96.0,1,0.0,10,11.0,0.0,0.25,0,1.0,0.0,1.0,0.2083,0.0,0.25,0.25,0,9180000.0,286825
162908,0.1406917020111679,0.1510075350878296,0.5059979305057544,-960.6666666666666,-14550,0.2857142857142857,0.3333333333333333,-2519.0,0.4285714285714285,2,0.0,1,0,-481.0,1,-591.6666666666666,-1799.0,-4616,1,-270.0,-1145.1666666666667,-270.0,-617.1428571428571,0,1,24.75,0.4285714285714285,-8021.0,0.2857142857142857,0.1667,0.4285714285714285,0.1428571428571428,0.0228,-844.0,0.5714285714285714,-43.63157894736842,54.0,0.8571428571428571,0.1428571428571428,1,0.2857142857142857,0.3085143943684441,0.1428571428571428,0.2222222222222222,-383.0,0,0.0,0.0,0.0,-13.0,1,0.4364227328722613,9,10.0,0.1428571428571428,0.1428571428571428,0,0.7777777777777778,0.1428571428571428,0.5714285714285714,0.2083,0.1428571428571428,0.0,0.1428571428571428,0,9180000.0,288858
163733,0.6194300536654119,0.5656079814115492,0.5059979305057544,-1274.6666666666667,-23733,0.0,0.3333333333333333,-1734.0,1.0,2,0.0,0,0,-2105.0,1,-599.0,-2105.0,-3971,1,-599.0,-1612.5,-599.0,-1317.0,0,1,42.0,0.0,-12057.0,0.0,0.125,0.4,0.2,0.00963,-599.0,1.0,-32.243589743589745,13.5,0.0,0.2,1,0.4,0.5635517364840673,0.2,0.0,-1491.0,0,0.0,0.0,0.0,-22.0,0,0.3796455424274973,9,11.0,0.0,0.2,0,1.0,0.2,0.4,0.2083,0.0,0.0,0.2,0,3960000.0,289803
167837,0.5837188300113513,0.4830501881366946,0.5059979305057544,-860.0,-13629,0.0,0.2666666666666666,-1475.0,1.0,2,0.0,1,1,-763.0,1,-641.5,-262.0,-203,0,-266.0,-939.4545454545456,-266.0,-262.0,0,1,24.75,0.0,-4791.0,0.0,0.625,0.0,0.0,0.0196889999999999,-1155.0,1.0,-6.0,13.5,0.0,0.0,1,1.0,0.3085143943684441,0.0,0.2,-377.0,0,0.0,1.0,0.0,-22.0,1,0.4364227328722613,9,11.0,0.0,0.0,0,0.6666666666666666,1.0,1.0,0.2083,0.0,0.0,0.0,1,3960000.0,294552
168682,0.6080518162827655,0.4223696523543468,0.2956315078600167,-204.5,-19575,0.0,1.0,-313.0,0.5,2,0.0,1,0,-451.0,0,-204.5,-451.0,-3135,1,-96.0,-1366.5555555555557,-96.0,-328.5,0,1,7.5,0.5,-11535.0,0.0,0.1667,0.0,0.0,0.008019,-313.0,0.5,-8.5,13.5,1.0,0.0,1,0.5,0.0,0.0,0.5,-729.0,0,0.0,0.5,0.0,-22.0,1,0.9545454545454546,12,11.0,0.0,0.0,0,0.5,0.5,1.0,0.2083,0.5,0.5,0.0,0,3960000.0,295526
173306,0.5916561691175296,0.4776491548517548,0.7361113722025062,-1206.157894736842,-21892,0.2727272727272727,0.2105263157894736,-2829.0,0.7272727272727273,1,0.2727272727272727,1,1,-2347.0,1,-698.75,-2383.0,-1560,0,-486.0,-1341.4666666666667,-486.0,-1248.909090909091,0,1,23.57894736842105,0.0909090909090909,-1121.0,0.0909090909090909,0.1525,0.2727272727272727,0.4545454545454545,0.032561,-1158.0,0.9090909090909092,-48.241379310344826,29.33333333333333,0.1818181818181818,0.3636363636363636,1,0.4545454545454545,0.4133798090454437,0.0,0.0526315789473684,-731.0,0,0.1818181818181818,0.0,0.1818181818181818,-11.0,0,0.4633966721273223,9,14.0,0.0,0.0,0,0.9473684210526316,0.0,0.4545454545454545,0.1667,0.0,0.0,0.0,0,450000.0,300830
174009,0.7516202841700601,0.5352762504724826,0.5059979305057544,-1050.571428571429,-17520,0.0,0.375,-1827.0,1.0,2,0.0,0,0,-351.0,1,-537.3095238095239,-351.0,-1032,1,-258.0,-1366.5555555555557,-300.0,-351.0,0,1,24.75,0.0,-3785.0,0.0,0.625,1.0,0.0,0.026392,-764.0,1.0,-8.0,13.5,1.0,1.0,1,1.0,0.3085143943684441,0.0,0.2,-729.0,0,0.0,0.0,0.0,-22.0,0,0.4364227328722613,12,11.0,0.0,0.0,0,0.75,1.0,1.0,0.2083,0.0,0.0,0.0,0,3960000.0,301654
176957,0.4173213601954786,0.5620604831738043,0.5059979305057544,-1251.8333333333333,-22979,0.0,0.5,-2323.0,0.875,2,0.0,0,0,0.0,1,-538.3333333333334,-2880.0,-4853,1,-57.0,-1965.3333333333333,-57.0,-1063.125,1,1,24.75,0.25,-12137.0,0.125,0.1667,0.25,0.0,0.035792,-1328.0,0.5,-39.21951219512195,13.5,0.5,0.0,1,0.625,0.3085143943684441,0.0,0.0,-1786.0,0,0.0,0.375,0.0,-6.0,0,0.4364227328722613,11,11.0,0.125,0.0,0,1.0,0.0,0.75,0.2083,0.125,0.375,0.0,0,945000.0,305061
178747,0.6789356454579285,0.5172965813614878,0.5059979305057544,-1198.1666666666667,-18652,0.0,0.5,-2531.0,0.4,2,0.0,0,0,-3027.0,1,-779.1666666666666,-1119.0,-2127,1,-111.0,-1617.1666666666667,-111.0,-732.8,0,1,23.916666666666668,0.4,-12634.0,0.0,0.3333,0.6,0.0,0.018634,-1775.0,0.8,-71.0,13.5,0.6,0.0,1,0.4,0.2000011745774458,0.2,0.5833333333333334,-836.0,0,0.0,0.0,0.0,-96.0,1,0.2956098210335499,18,11.0,0.0,0.2,0,0.4166666666666667,0.0,0.6,0.375,0.2,0.0,0.2,0,1822500.0,307132
182804,0.7004800746860956,0.5867400085415683,0.5059979305057544,-2177.0,-19004,0.2857142857142857,0.5,-2733.0,0.4285714285714285,3,0.0714285714285714,0,0,-1621.0,1,-1621.0,-2816.0,-2536,1,-1621.0,-2733.0,-1621.0,-896.7857142857143,0,1,72.0,0.5714285714285714,-3698.0,0.2142857142857142,0.1667,0.0,0.3571428571428571,0.018209,-1621.0,0.3571428571428571,-19.166666666666668,12.0,0.8571428571428571,0.0,1,0.0714285714285714,0.4722222222222222,0.0,0.0,-2733.0,0,0.0,0.0,0.0,-92.0,0,0.1574074074074073,11,11.0,0.0,0.0,0,1.0,0.0,0.5,0.2083,0.3571428571428571,0.0,0.0,0,12150000.0,311880
183421,0.2592151339562646,0.5352762504724826,0.2442090526834541,-1050.571428571429,-10798,0.0,0.375,-1827.0,1.0,2,0.0,0,0,0.0,1,-537.3095238095239,-537.0,-21,1,-258.0,-1366.5555555555557,-300.0,-537.0,0,1,24.75,0.0,-1494.0,0.0,0.1667,0.0,0.0,0.035792,-764.0,1.0,-10.0,13.5,1.0,0.0,1,1.0,0.3085143943684441,0.0,0.2,-729.0,1,0.0,1.0,0.0,-22.0,1,0.4364227328722613,18,11.0,0.0,0.0,0,0.75,1.0,1.0,0.2083,0.0,1.0,0.0,0,3960000.0,312601
184869,0.7195603113579387,0.6863823354047934,0.5059979305057544,-2024.6,-22134,0.0,0.6,-2891.0,1.0,1,0.0,0,0,-1.0,1,-1700.6666666666667,-996.0,-4029,1,-842.0,-2891.0,-842.0,-996.0,0,0,24.75,0.0,-8571.0,0.0,0.1667,1.0,0.0,0.04622,-2130.0,1.0,-27.5,13.5,0.0,0.0,0,1.0,0.3085143943684441,0.0,0.4,-2891.0,0,0.0,0.0,0.0,-22.0,1,0.4364227328722613,17,11.0,0.0,0.0,0,0.6,1.0,1.0,0.2083,0.0,0.0,0.0,1,3960000.0,314289
186220,0.5090650030196876,0.646329897706246,0.5059979305057544,-1492.75,-16998,0.0,0.5,-2679.0,1.0,2,0.0,0,0,-384.0,1,-880.5,-2487.0,-545,1,-249.0,-2105.0,-249.0,-2487.0,0,1,49.5,0.0,-9041.0,0.0,0.2304,0.5,0.5,0.035792,-1512.0,1.0,-76.95454545454545,13.5,0.0,0.0,1,1.0,0.3804567736185383,0.0,0.25,-1531.0,0,0.0,0.0,0.0,-22.0,0,0.0,15,11.0,1.0,0.0,0,0.75,0.0,1.0,0.0417,0.0,0.0,1.0,0,3960000.0,315882
192768,0.6053437105629245,0.6109913280868294,0.5059979305057544,-1070.6,-17339,0.3125,0.6,-1930.0,0.375,2,0.25,1,0,-702.0,1,-1009.0,-2906.0,-883,1,-396.0,-1163.0,-396.0,-1269.5625,0,1,27.4,0.5,-5043.0,0.1875,0.1667,0.1875,0.0625,0.031329,-1705.0,0.5,-45.48550724637681,18.0,0.5,0.0625,1,0.125,0.3106854838709677,0.0625,0.4,-396.0,0,0.0,0.0,0.0,-22.0,1,0.2830645161290323,12,9.0,0.0,0.0625,0,0.6,0.0625,0.4375,0.2083,0.3125,0.0,0.0625,0,3960000.0,323547
194880,0.4804731351938729,0.6195277080511546,0.5930253086779028,-1781.5,-17538,0.2,0.0,-2563.0,0.4,3,0.0,0,0,-1001.0,1,-537.3095238095239,-1001.0,-1079,1,-258.0,-1781.5,-1000.0,-612.6,0,0,29.0,0.4,-45.0,0.0,0.1667,0.0,0.4,0.003069,-764.0,0.6,-17.794117647058822,36.0,0.8,0.2,1,0.2,0.3443627450980392,0.0,0.0,-1000.0,0,0.0,0.0,0.0,-22.0,1,0.6348039215686274,15,12.0,0.0,0.0,0,1.0,0.2,0.6,0.2083,0.4,0.0,0.0,0,3960000.0,325977
199052,0.4856934570853171,0.5352762504724826,0.402811897623962,-735.0,-18365,0.0,1.0,-735.0,1.0,3,0.0,1,0,-739.0,1,-735.0,-2005.0,-817,1,-735.0,-1366.5555555555557,-735.0,-1372.0,0,1,24.75,0.5,-4516.0,0.5,0.1667,0.0,0.5,0.020246,-735.0,0.5,-63.0,13.5,1.0,0.0,1,0.5,0.3085143943684441,0.5,1.0,-729.0,0,0.0,0.0,0.0,-24.0,1,0.4364227328722613,7,11.0,0.5,0.5,0,0.0,0.5,0.5,0.2083,0.0,0.0,0.5,0,5940000.0,330769
201461,0.6020058037177418,0.4992720153045617,0.5059979305057544,-876.25,-21247,0.5,0.375,-2318.0,0.5,2,0.5,1,0,-1416.0,1,-506.0,-1416.0,-4253,1,-216.0,-1098.4,-216.0,-713.25,0,1,24.75,0.5,-3212.0,0.5,0.1667,0.0,0.0,0.019101,-928.0,0.5,-23.857142857142858,0.0,0.75,0.0,1,0.25,0.3085143943684441,0.0,0.125,-388.0,0,0.0,0.0,0.0,-22.0,1,0.4364227328722613,11,14.0,0.0,0.0,0,0.875,0.25,0.25,0.2083,0.0,0.0,0.0,1,3960000.0,333531
201786,0.7068998275214804,0.5352762504724826,0.5059979305057544,-1050.571428571429,-21439,0.0,0.375,-1827.0,1.0,1,0.0,1,0,-511.0,0,-537.3095238095239,-511.0,-4126,1,-258.0,-1366.5555555555557,-300.0,-511.0,0,0,24.75,0.0,-2111.0,0.0,0.4583,0.0,1.0,0.072508,-764.0,0.0,-14.5,13.5,1.0,0.0,1,1.0,0.3085143943684441,1.0,0.2,-729.0,1,0.0,0.0,0.0,-22.0,0,0.4364227328722613,19,11.0,0.0,1.0,0,0.75,1.0,1.0,0.5,0.0,0.0,0.0,0,3960000.0,333907
202441,0.5935672870197201,0.5620604831738043,0.3856830499816678,-1493.590909090909,-13705,0.0,0.4090909090909091,-2643.0,1.0,3,0.0,0,1,-2866.0,0,-1060.2222222222222,-2866.0,-1913,0,-94.0,-1793.6153846153843,-94.0,-2866.0,0,1,24.75,0.0,-30.0,0.0,0.0417,1.0,0.0,0.018209,-1724.0,0.0,-89.0,13.5,1.0,0.0,1,1.0,0.3085143943684441,0.0,0.2727272727272727,-770.0,0,0.0,0.0,0.0,-22.0,1,0.4364227328722613,14,11.0,0.0,0.0,1,0.7272727272727273,1.0,1.0,0.0833,0.0,0.0,0.0,0,3960000.0,334680
203281,0.6536863245992444,0.5334816299804352,0.5059979305057544,-595.25,-13928,0.0,0.75,-850.0,0.7142857142857143,2,0.0,0,1,-1062.0,1,-629.0,-1062.0,-5174,0,-509.0,-494.0,-494.0,-526.8571428571429,0,1,24.75,0.4285714285714285,-3658.0,0.4285714285714285,0.1667,0.1428571428571428,0.0,0.00496,-850.0,0.5714285714285714,-19.33333333333333,13.5,0.4285714285714285,0.0,1,0.4285714285714285,0.3085143943684441,0.0,0.25,-494.0,0,0.0,0.0,0.0,-9.0,1,0.4364227328722613,11,11.0,0.0,0.0,1,0.75,0.1428571428571428,0.7142857142857143,0.2083,0.0,0.0,0.0,1,8100000.0,335668
203503,0.5064032681793024,0.5352762504724826,0.5059979305057544,-1050.571428571429,-17454,0.0,0.375,-1827.0,0.6363636363636364,2,0.0,1,0,-1607.0,0,-537.3095238095239,-2542.0,-875,1,-258.0,-1366.5555555555557,-300.0,-1125.6363636363635,0,0,24.75,0.4545454545454545,-6581.0,0.0909090909090909,0.3333,0.2727272727272727,0.1818181818181818,0.010276,-764.0,0.3636363636363636,-43.62,13.5,0.8181818181818182,0.0,0,0.1818181818181818,0.3085143943684441,0.1818181818181818,0.2,-729.0,0,0.0,0.0,0.0,-76.0,0,0.4364227328722613,12,11.0,0.0,0.1818181818181818,0,0.75,0.0909090909090909,0.5454545454545454,0.375,0.3636363636363636,0.0,0.1818181818181818,0,810000.0,335927
205988,0.7524114237772084,0.5136937663039473,0.5525511803087504,-741.1111111111111,-13395,0.0,0.6666666666666666,-1223.0,1.0,2,0.0,1,0,-522.0,1,-598.3333333333334,-522.0,-4177,1,-93.0,-1026.6666666666667,-93.0,-522.0,0,0,24.75,0.0,-7311.0,0.0,0.3333,0.0,0.0,0.00823,-1158.0,1.0,-9.0,13.5,1.0,0.0,0,1.0,0.3085143943684441,0.0,0.1111111111111111,-767.0,0,0.0,1.0,0.0,-22.0,0,0.4364227328722613,14,11.0,0.0,0.0,0,0.8888888888888888,1.0,1.0,0.2083,0.0,1.0,0.0,0,3960000.0,338762
206520,0.4835415422471437,0.363945238612397,0.5059979305057544,-358.8888888888889,-21902,0.0,0.3888888888888889,-1056.0,0.6,2,0.0,0,0,-19.0,1,-299.85714285714283,-1436.0,-4936,1,-26.0,-396.45454545454544,-26.0,-618.2,0,1,10.22222222222222,0.4,-1163.0,0.0,0.0417,0.2,0.2,0.0196889999999999,-634.0,0.4,-20.0625,13.5,0.6,0.0,1,0.4,0.1991916519694297,0.2,0.1111111111111111,-48.0,0,0.0,0.0,0.0,-22.0,1,0.7203240175462398,11,11.0,0.0,0.2,0,0.6666666666666666,0.2,0.8,0.0833,0.4,0.0,0.0,0,3960000.0,339370
207153,0.7427731318216115,0.3825018041447388,0.3378268084089295,-1177.6666666666667,-9544,0.0,0.3333333333333333,-1495.0,1.0,2,0.0,1,0,-1875.0,1,-618.0,-1875.0,-2213,0,-618.0,-1457.5,-618.0,-1003.3333333333334,0,1,24.75,0.0,-4425.0,0.0,0.1667,0.0,0.6666666666666666,0.0060079999999999,-618.0,0.3333333333333333,-26.15,13.5,1.0,0.3333333333333333,1,0.6666666666666666,0.3085143943684441,0.3333333333333333,0.3333333333333333,-1420.0,0,0.0,0.0,0.0,-22.0,0,0.4364227328722613,9,11.0,0.3333333333333333,0.3333333333333333,0,0.6666666666666666,0.3333333333333333,0.6666666666666666,0.2083,0.0,0.0,0.3333333333333333,0,3960000.0,340112
216891,0.4681511941025465,0.3312508645909018,0.7789674629906799,-104.0,-19898,0.0,1.0,-104.0,0.5,3,0.5,0,0,-217.0,1,-104.0,-217.0,-618,1,-104.0,-1366.5555555555557,-104.0,-217.0,0,0,4.0,1.0,-8692.0,1.0,0.1667,0.0,0.0,0.002042,-104.0,0.0,-28.59375,13.5,0.5,0.0,1,0.0,0.0,0.0,1.0,-729.0,0,0.0,0.0,0.0,-8.0,1,1.0,10,11.0,0.0,0.0,0,0.0,1.0,0.5,0.2083,0.0,0.0,0.0,0,315000.0,351309
221906,0.3285149651920687,0.7503751495159068,0.5059979305057544,-2119.6,-24405,0.0,0.0,-2636.0,0.5,2,0.0,0,0,-2.0,0,-537.3095238095239,-722.0,-4615,1,-258.0,-2119.6,-987.0,-409.5,0,0,70.0,0.5,-977.0,0.0,0.25,0.0,0.0,0.0145199999999999,-764.0,0.5,-22.0,13.5,0.5,0.5,1,0.5,0.8219955684808198,0.0,0.2,-987.0,0,0.0,0.5,0.0,-22.0,1,0.1755947929649633,13,11.0,0.0,0.0,0,0.8,0.5,1.0,0.2083,0.5,0.0,0.0,0,3960000.0,357062
222192,0.7675687481633315,0.7324033228040929,0.5059979305057544,-1216.3333333333333,-18130,0.0,0.6666666666666666,-2296.0,1.0,2,0.0,1,0,-1936.0,1,-930.5,-2686.0,-1664,1,-628.0,-1788.0,-628.0,-1722.75,0,1,24.75,0.0,-10259.0,0.0,0.3333,0.75,0.25,0.026392,-1232.0,0.75,-48.395833333333336,13.5,0.5,0.0,1,0.75,0.3085143943684441,0.25,0.0,-1280.0,0,0.0,0.0,0.0,-22.0,1,0.4364227328722613,14,11.0,0.0,0.25,0,1.0,0.25,0.75,0.2083,0.0,0.25,0.25,0,3960000.0,357391
226221,0.5816024769292064,0.5352762504724826,0.5059979305057544,-1050.571428571429,-10133,0.0,0.375,-1827.0,0.6666666666666666,2,0.3333333333333333,1,1,-551.0,0,-537.3095238095239,-551.0,-2591,0,-258.0,-1366.5555555555557,-300.0,-460.0,0,1,24.75,0.6666666666666666,-4937.0,0.6666666666666666,0.3333,0.3333333333333333,0.0,0.0060079999999999,-764.0,0.3333333333333333,-9.5,13.5,0.6666666666666666,0.0,1,0.3333333333333333,0.3085143943684441,0.0,0.2,-729.0,0,0.0,0.0,0.0,-14.0,0,0.4364227328722613,10,11.0,0.0,0.0,0,0.75,0.3333333333333333,0.6666666666666666,0.375,0.0,0.0,0.0,0,1170000.0,362020
227076,0.5039871659044851,0.5352762504724826,0.5059979305057544,-913.6666666666666,-20133,0.0,0.0,-2399.0,0.6,2,0.0,1,0,-1542.0,1,-537.3095238095239,-1542.0,-3283,1,-258.0,-913.6666666666666,-171.0,-479.6,0,0,24.75,0.6,-2727.0,0.2,0.1667,0.2,0.0,0.003813,-764.0,0.2,-31.86206896551724,13.5,0.4,0.0,1,0.2,0.3085143943684441,0.0,0.3333333333333333,-171.0,1,0.0,0.2,0.0,-7.0,1,0.4364227328722613,8,11.0,0.0,0.0,0,0.6666666666666666,0.2,0.6,0.2083,0.4,0.2,0.0,0,1215000.0,363018
232336,0.4075921903029521,0.7295666907060153,0.5059979305057544,-1441.6666666666667,-15399,0.3333333333333333,0.6666666666666666,-2200.0,0.6666666666666666,2,0.0,1,0,-1928.0,1,-1062.5,-1928.0,-3973,1,-956.0,-2200.0,-956.0,-1279.3333333333333,0,1,24.75,0.0,-9126.0,0.0,0.1667,0.0,0.3333333333333333,0.022625,-1169.0,1.0,-28.74418604651163,36.0,0.0,0.0,1,0.3333333333333333,0.3085143943684441,1.0,0.3333333333333333,-2200.0,0,0.0,0.0,0.0,-22.0,0,0.4364227328722613,12,10.0,0.0,0.3333333333333333,0,0.6666666666666666,0.3333333333333333,0.3333333333333333,0.2083,0.0,0.0,0.3333333333333333,0,3960000.0,369104
232970,0.741580588031106,0.746300213050371,0.768018318187397,-971.6666666666666,-23873,0.1666666666666666,0.0,-1245.0,0.6666666666666666,1,0.0,0,0,-116.0,1,-537.3095238095239,-1523.0,-3996,1,-258.0,-971.6666666666666,-635.0,-758.8333333333334,0,1,24.75,0.1666666666666666,-9402.0,0.0,0.3333,0.0,0.0,0.04622,-764.0,1.0,-22.477272727272727,24.0,0.3333333333333333,0.0,1,1.0,0.3085143943684441,0.0,0.0,-635.0,0,0.0,0.3333333333333333,0.0,-22.0,0,0.4364227328722613,14,15.0,0.1666666666666666,0.0,0,1.0,0.0,1.0,0.375,0.0,0.3333333333333333,0.0,0,3960000.0,369832
240186,0.4908731817659196,0.1221797440301585,0.2840553624034448,-417.6666666666667,-12226,0.1818181818181818,0.6666666666666666,-580.0,0.7272727272727273,2,0.0,1,0,-1576.0,1,-375.0,-2141.0,-1347,1,-258.0,-503.0,-258.0,-772.5454545454545,0,1,24.75,0.0909090909090909,-1011.0,0.0,0.3333,0.3636363636363636,0.2727272727272727,0.031329,-473.0,0.9090909090909092,-34.56410256410256,17.0,0.6363636363636364,0.0,1,0.6363636363636364,0.3085143943684441,0.5454545454545454,0.1666666666666666,-426.0,0,0.0,0.0909090909090909,0.0,-22.0,1,0.4364227328722613,13,9.0,0.0,0.2727272727272727,0,0.8333333333333334,0.0909090909090909,0.6363636363636364,0.375,0.0,0.0909090909090909,0.2727272727272727,0,3960000.0,378174
244257,0.5784010002069471,0.5352762504724826,0.3108960100916636,-1050.571428571429,-16237,0.3333333333333333,0.375,-1827.0,0.3333333333333333,2,0.0,0,0,-3031.0,1,-537.3095238095239,-578.0,-4629,1,-258.0,-1366.5555555555557,-300.0,-409.3333333333333,0,1,24.75,0.3333333333333333,-4258.0,0.0,0.1667,0.0,0.3333333333333333,0.035792,-764.0,0.0,-54.5,13.5,0.6666666666666666,0.0,1,0.3333333333333333,0.3085143943684441,0.3333333333333333,0.2,-729.0,1,0.0,0.3333333333333333,0.0,-22.0,0,0.4364227328722613,16,10.0,0.3333333333333333,0.3333333333333333,0,0.75,0.0,0.6666666666666666,0.2083,0.3333333333333333,0.0,0.3333333333333333,0,3960000.0,382715
245110,0.1302271953557062,0.7194907850918436,0.5331795024686687,-1476.5,-16773,0.0,0.5,-2757.0,1.0,2,0.0,1,0,-237.0,0,-196.0,-237.0,-305,1,-196.0,-2757.0,-196.0,-237.0,0,0,7.0,0.0,-5275.0,0.0,0.0417,0.0,0.0,0.010006,-196.0,1.0,-5.0,13.5,0.0,0.0,1,1.0,0.0,0.0,0.0,-2757.0,0,0.0,0.0,0.0,-22.0,1,0.6428571428571428,12,11.0,0.0,0.0,0,0.5,1.0,1.0,0.0833,0.0,0.0,0.0,0,3960000.0,383690
246550,0.6807680690960028,0.5352762504724826,0.5059979305057544,-710.75,-20570,0.0,0.5,-2501.0,1.0,2,0.0,0,0,-1703.0,1,-104.5,-1703.0,-4028,1,-76.0,-2501.0,-76.0,-1023.0,0,0,24.75,0.0,-12025.0,0.0,0.1667,0.0,0.25,0.031329,-133.0,0.75,-25.93548387096774,13.5,0.0,0.0,1,0.75,0.3085143943684441,0.25,0.25,-2501.0,0,0.0,0.0,0.0,-22.0,0,0.4364227328722613,9,11.0,0.0,0.0,0,0.5,0.25,0.75,0.2083,0.0,0.0,0.0,0,3960000.0,385342
247983,0.2360700989219221,0.4740512892789932,0.0987270754382223,-483.0,-10859,0.0,1.0,-704.0,1.0,2,0.0,1,0,0.0,1,-483.0,-696.0,-2760,1,-262.0,-1366.5555555555557,-262.0,-696.0,1,1,24.75,0.0,-6359.0,0.0,0.1667,0.0,0.0,0.00733,-704.0,1.0,-17.0,13.5,0.0,0.0,1,1.0,0.3085143943684441,0.0,1.0,-729.0,0,0.0,0.0,0.0,-22.0,1,0.4364227328722613,16,11.0,0.0,0.0,0,0.0,1.0,1.0,0.2083,0.0,0.0,0.0,0,3960000.0,386948
249742,0.5499335115901356,0.2735646775174348,0.5059979305057544,-953.1428571428572,-18211,0.2857142857142857,0.1428571428571428,-1648.0,0.4285714285714285,2,0.2857142857142857,0,1,-1469.0,1,-1212.0,-788.0,-1747,0,-1212.0,-910.0,-421.0,-514.8571428571429,0,0,24.75,0.4285714285714285,-309.0,0.1428571428571428,0.3333,0.1428571428571428,0.1428571428571428,0.031329,-1212.0,0.5714285714285714,-16.0,9.0,1.0,0.4285714285714285,1,0.4285714285714285,0.3085143943684441,0.0,0.1428571428571428,-421.0,0,0.1428571428571428,0.0,0.1428571428571428,-18.0,1,0.4364227328722613,12,14.0,0.0,0.0,0,0.8571428571428571,0.1428571428571428,0.7142857142857143,0.25,0.2857142857142857,0.0,0.0,0,4050000.0,388965
254179,0.5773341397423188,0.7295666907060153,0.3923409618436453,-1473.0,-12684,0.0,0.0,-1473.0,1.0,2,0.0,1,0,-708.0,1,-537.3095238095239,-708.0,-4833,1,-258.0,-1473.0,-1473.0,-451.5,0,0,24.75,0.0,-4319.0,0.0,0.1667,0.5,0.0,0.035792,-764.0,0.5,-13.642857142857142,13.5,0.5,0.0,0,1.0,0.3085143943684441,0.5,0.0,-1473.0,0,0.0,0.0,0.0,-22.0,1,0.4364227328722613,9,11.0,0.0,0.5,0,0.0,0.5,1.0,0.2083,0.0,0.0,0.5,1,3960000.0,394124
254746,0.6205531991466667,0.5352762504724826,0.7969275336835294,-1633.5,-18539,0.0,0.5,-2889.0,1.0,2,0.0,1,0,-1523.0,1,-729.0,-2476.0,-2092,1,-729.0,-2538.0,-729.0,-1301.2,0,1,24.75,0.2,-8921.0,0.2,0.1667,0.2,0.6,0.031329,-729.0,0.8,-37.0,13.5,0.4,0.0,1,0.6,0.3085143943684441,0.6,0.25,-2187.0,0,0.0,0.0,0.0,-36.0,1,0.4364227328722613,9,11.0,0.2,0.6,0,0.75,0.0,0.6,0.2083,0.0,0.0,0.6,0,9787500.0,394779
255730,0.7704432229987742,0.6848276586890367,0.5125081181820191,-1353.0,-13677,0.0,1.0,-2510.0,1.0,2,0.0,1,0,-1483.0,1,-1353.0,-2872.0,-256,1,-196.0,-1366.5555555555557,-196.0,-1581.5,0,1,24.75,0.25,-11.0,0.25,0.1667,0.25,0.0,0.035792,-2510.0,0.5,-53.19444444444444,13.5,0.5,0.25,1,0.5,0.3085143943684441,0.0,0.0,-729.0,0,0.25,0.25,0.25,-40.0,0,0.4364227328722613,17,11.0,0.25,0.0,0,0.5,0.25,0.5,0.2083,0.0,0.25,0.0,0,10575000.0,395914
256090,0.2614932943440283,0.6109913280868294,0.5059979305057544,-448.0,-22193,0.0,0.25,-649.0,0.75,2,0.0,0,0,-1769.0,1,-350.0,-1769.0,-5045,1,-350.0,-480.6666666666667,-350.0,-1404.5,0,1,12.5,0.25,-11471.0,0.0,0.1667,0.25,0.25,0.005084,-350.0,1.0,-26.47058823529412,13.5,0.0,0.0,1,0.75,0.0,0.0,0.5,-350.0,0,0.0,0.0,0.0,-22.0,0,0.2403846153846154,13,11.0,0.25,0.0,0,0.5,0.75,0.75,0.2083,0.0,0.0,0.0,0,3960000.0,396324
256235,0.6511821507817832,0.7366226976503176,0.5059979305057544,-951.6,-19756,0.0,0.4,-1169.0,0.8,2,0.0,0,0,-708.0,1,-728.0,-2902.0,-3304,1,-728.0,-1100.6666666666667,-728.0,-1399.2,0,1,24.75,0.2,-8930.0,0.0,0.1667,0.6,0.0,0.026392,-728.0,0.8,-68.03448275862068,13.5,0.4,0.4,1,0.4,0.3085143943684441,0.0,0.2,-1066.0,0,0.4,0.0,0.4,-22.0,0,0.4364227328722613,18,11.0,0.2,0.0,0,0.8,0.2,0.6,0.2083,0.2,0.0,0.0,0,3960000.0,396503
260988,0.6543592701816392,0.6161216908872079,0.5059979305057544,-1052.25,-12182,0.0,0.5,-2724.0,0.8,1,0.0,0,1,-363.0,0,-398.5,-1502.0,-4221,0,-363.0,-1706.0,-363.0,-789.0,0,0,24.75,0.2,-1277.0,0.0,0.4583,0.1111111111111111,0.1428571428571428,0.072508,-434.0,0.7,-28.59375,13.5,0.5,0.0,0,0.5,0.3085143943684441,0.0,1.0,-688.0,0,0.0,0.0,0.0,-22.0,1,0.4364227328722613,16,11.0,0.0,0.0,0,0.0,0.25,0.75,0.5,0.0,0.0,0.0,0,3960000.0,402037
262017,0.4346601302832864,0.4436153084085652,0.5059979305057544,-621.0,-17063,0.0,1.0,-852.0,0.5,3,0.0,0,0,-259.0,0,-621.0,-259.0,-592,1,-159.0,-1366.5555555555557,-159.0,-145.5,0,0,24.75,0.5,-5528.0,0.0,0.1667,0.0,0.0,0.006852,-852.0,0.5,-5.5,13.5,1.0,0.0,0,0.5,0.3085143943684441,0.0,0.6666666666666666,-729.0,0,0.0,0.0,0.0,-22.0,0,0.4364227328722613,7,11.0,0.0,0.0,0,0.3333333333333333,0.5,1.0,0.2083,0.5,0.0,0.0,0,3960000.0,403292
266652,0.2349833936471386,0.4578995512067301,0.5059979305057544,-907.2,-17254,0.0,0.0,-1597.0,1.0,3,0.0,1,0,-1030.0,1,-537.3095238095239,-533.0,-776,1,-258.0,-907.2,-118.0,-457.0,0,1,11.2,0.0,-3406.0,0.0,0.1667,1.0,0.0,0.020713,-764.0,0.5,-10.285714285714286,13.5,0.5,0.0,1,1.0,0.6028571428571429,0.0,0.2,-118.0,1,0.0,0.0,0.0,-22.0,0,0.3760902255639097,7,11.0,0.0,0.0,0,0.8,0.5,1.0,0.2083,0.0,0.0,0.0,0,3960000.0,408920
273545,0.7812794792752948,0.7380196196295241,0.5059979305057544,-1378.8,-19265,0.0,0.4,-2320.0,1.0,2,0.0,1,0,-717.0,1,-735.0,-717.0,-2817,1,-371.0,-1808.0,-371.0,-717.0,0,1,33.4,0.0,-11744.0,0.0,0.1667,0.0,0.0,0.010276,-1099.0,1.0,-18.5,13.5,0.0,0.0,1,1.0,0.0,0.0,0.4,-1119.0,0,0.0,1.0,0.0,-22.0,1,0.178021978021978,14,11.0,0.0,0.0,0,0.6,1.0,1.0,0.2083,0.0,1.0,0.0,0,3960000.0,417067
276818,0.7160610683410145,0.2471909382666521,0.5059979305057544,-1593.1176470588234,-19114,0.1333333333333333,0.2941176470588235,-2832.0,0.6666666666666666,2,0.1333333333333333,1,0,-1795.0,1,-854.0,-2203.0,-2654,1,-393.0,-1901.0833333333333,-393.0,-995.6,0,1,39.52941176470589,0.2666666666666666,-6457.0,0.0666666666666666,0.1667,0.0666666666666666,0.4666666666666667,0.035792,-1262.0,0.7333333333333333,-38.57446808510638,36.0,0.5333333333333333,0.0666666666666666,1,0.4,0.528956674927597,0.6,0.1764705882352941,-862.0,0,0.0666666666666666,0.0,0.0666666666666666,-42.0,1,0.3149051180143405,12,10.0,0.0,0.3333333333333333,0,0.8235294117647058,0.0666666666666666,0.6,0.2083,0.2,0.0,0.3333333333333333,0,9720000.0,420791
279119,0.6648363681808821,0.5352762504724826,0.5059979305057544,-1050.571428571429,-10636,0.0,0.375,-1827.0,0.6666666666666666,2,0.0,0,1,-2375.0,1,-537.3095238095239,-2375.0,-1848,0,-258.0,-1366.5555555555557,-300.0,-549.8333333333334,0,1,24.75,0.5,-4905.0,0.3333333333333333,0.1667,0.1666666666666666,0.0,0.030755,-764.0,0.5,-32.166666666666664,13.5,0.5,0.1666666666666666,1,0.5,0.3085143943684441,0.0,0.2,-729.0,1,0.1666666666666666,0.0,0.1666666666666666,-7.0,1,0.4364227328722613,15,11.0,0.1666666666666666,0.0,0,0.75,0.1666666666666666,0.8333333333333334,0.2083,0.1666666666666666,0.0,0.0,0,1867500.0,423355
280085,0.7598426124411992,0.3457848024695955,0.5059979305057544,-291.0,-22501,0.0,1.0,-291.0,1.0,1,0.0,0,1,-646.0,0,-291.0,-646.0,-921,0,-291.0,-1366.5555555555557,-291.0,-535.0,0,0,24.75,0.0,-893.0,0.0,0.4583,0.5,0.5,0.072508,-291.0,1.0,-11.61904761904762,13.5,1.0,0.0,1,0.5,0.3085143943684441,0.5,0.0,-729.0,0,0.0,0.0,0.0,-22.0,1,0.4364227328722613,11,11.0,0.0,0.0,0,1.0,0.5,0.5,0.5,0.0,0.0,0.0,0,3960000.0,424499
288140,0.7580262837838027,0.5549467685334323,0.5059979305057544,-597.0,-18581,0.0,0.6666666666666666,-962.0,1.0,2,0.0,1,0,-2028.0,0,-414.5,-2769.0,-2130,1,-142.0,-962.0,-142.0,-1625.8,0,0,24.75,0.0,-736.0,0.0,0.1667,0.0,0.4,0.010006,-687.0,0.8,-39.41379310344828,13.5,0.4,0.0,1,1.0,0.3085143943684441,0.4,0.0,-962.0,0,0.0,0.4,0.0,-22.0,1,0.4364227328722613,11,11.0,0.2,0.4,0,0.6666666666666666,0.2,1.0,0.2083,0.0,0.4,0.4,0,3960000.0,433802
293730,0.3318083450130531,0.6722428897082422,0.5059979305057544,-1088.0,-24354,0.0,0.25,-2504.0,1.0,2,0.0,0,0,0.0,1,-303.5,-2630.0,-3288,1,-152.0,-1349.5,-152.0,-1514.7142857142858,0,0,24.75,0.0,-3270.0,0.0,0.1667,0.7142857142857143,0.0,0.019101,-455.0,1.0,-55.8,13.5,0.0,0.0,1,1.0,0.3085143943684441,0.0,0.125,-455.0,0,0.2857142857142857,0.1428571428571428,0.0,-22.0,0,0.4364227328722613,12,11.0,0.0,0.0,0,0.875,0.1428571428571428,1.0,0.2083,0.0,0.4285714285714285,0.0,0,3960000.0,440300
294803,0.3057394029592994,0.656158373001177,0.6603764780124192,-538.0,-15761,0.0,0.5,-922.0,1.0,2,0.0,0,0,-1618.0,1,-154.0,-1618.0,-4373,1,-154.0,-922.0,-154.0,-1330.0,0,1,18.5,0.0,-9833.0,0.0,0.1667,0.0,0.0,0.025164,-154.0,1.0,-31.5,13.5,0.0,0.0,1,0.5,0.3225806451612903,0.0,0.0,-922.0,0,0.0,0.0,0.0,-22.0,0,0.5779569892473119,15,11.0,0.0,0.0,0,1.0,0.5,0.5,0.2083,0.0,0.0,0.0,0,3960000.0,441534
302052,0.7225599161970379,0.6690566947824041,0.9069078261516228,-2084.8888888888887,-17918,0.0,0.0,-2855.0,1.0,1,0.0,0,0,-1782.0,1,-537.3095238095239,-2801.0,-1454,1,-258.0,-2084.8888888888887,-1536.0,-1878.6666666666667,0,1,61.55555555555556,0.0,-8727.0,0.0,0.625,0.3333333333333333,0.0,0.072508,-764.0,1.0,-40.65116279069768,13.5,0.0,0.0,1,0.3333333333333333,0.7966526087343908,0.0,0.2222222222222222,-1536.0,0,0.0,0.3333333333333333,0.0,-22.0,1,0.1720318340936589,16,11.0,0.0,0.0,0,0.6666666666666666,0.3333333333333333,0.3333333333333333,0.6667,0.0,0.3333333333333333,0.0,0,3960000.0,449945
304373,0.6992950365498062,0.6610235391308081,0.5059979305057544,-379.0,-23486,0.0,1.0,-379.0,1.0,1,0.0,0,0,-3591.0,1,-379.0,-335.0,-4580,1,-379.0,-1366.5555555555557,-379.0,-335.0,0,0,12.0,0.0,-11902.0,0.0,0.3333,1.0,0.0,0.04622,-379.0,1.0,-8.0,13.5,0.0,0.0,1,1.0,0.5,0.0,1.0,-729.0,0,1.0,0.0,1.0,-22.0,1,0.5,15,11.0,1.0,0.0,0,0.0,0.0,1.0,0.2083,0.0,0.0,0.0,0,3960000.0,452640
306996,0.3500740245597329,0.6626377922738201,0.1952715340525135,-542.5,-11337,0.0,0.0,-704.0,0.6666666666666666,2,0.0,1,0,-995.0,1,-537.3095238095239,-995.0,-3484,1,-258.0,-542.5,-381.0,-389.0,0,1,18.5,0.3333333333333333,-4682.0,0.0,0.1667,0.3333333333333333,0.0,0.0096569999999999,-764.0,0.3333333333333333,-24.07692307692308,13.5,0.3333333333333333,0.0,1,0.6666666666666666,0.6442307692307692,0.0,0.0,-381.0,0,0.0,0.0,0.0,-22.0,1,0.3557692307692308,9,11.0,0.0,0.0,0,1.0,0.3333333333333333,1.0,0.2083,0.3333333333333333,0.3333333333333333,0.3333333333333333,0,3960000.0,455676
